{
	"measure1": {
		"ShortNote": {
			"Head": {
					"x": [-0.2222222222],
					"y": [0.6990740741, 1],
					"w": [0.46481481481],
					"h": [0],
					"ox": [0],
					"oy": [0]
			}
		},
		"SoundNote": {
			"Head": {
					"x": [-0.2222222222],
					"y": [0.6990740741, 1],
					"w": [0.46481481481],
					"h": [0],
					"ox": [0],
					"oy": [0]
			}
		},
		"LongNote": {
			"Head": {
					"x": [-0.2222222222],
					"y": [0.6990740741, 1],
					"w": [0.46481481481],
					"h": [0],
					"ox": [0],
					"oy": [0]
			},
			"Body": {
					"x": [-0.2222222222],
					"y": [0.6990740741, 1],
					"w": [0.46481481481],
					"h": [0],
					"ox": [0],
					"oy": [0]
			},
			"Tail": {
					"x": [-0.2222222222],
					"y": [0.6990740741, 1],
					"w": [0.46481481481],
					"h": [0],
					"ox": [0],
					"oy": [0]
			}
		},
	},
	
	"key1": {
		"ShortNote": {
			"Head": {
					"x": [-0.2222222222],
					"y": [0.6990740741, 1],
					"w": [0.1111111111],
					"h": [0.02222222222],
					"ox": [0],
					"oy": [-1]
			}
		},
		"SoundNote": {
			"Head": {
					"x": [-0.2222222222],
					"y": [0.6990740741, 1],
					"w": [0.1111111111],
					"h": [0.02222222222],
					"ox": [0],
					"oy": [-1]
			}
		},
		"LongNote": {
			"Head": {
					"x": [-0.2222222222],
					"y": [0.6990740741, 1],
					"w": [0.1111111111],
					"h": [0.02222222222],
					"ox": [0],
					"oy": [-1]
			},
			"Body": {
					"x": [-0.2222222222],
					"y": [0.6990740741, 1],
					"w": [0.1111111111],
					"h": [0.00092592592],
					"ox": [0],
					"oy": [0]
			},
			"Tail": {
					"x": [-0.2222222222],
					"y": [0.6990740741, 1],
					"w": [0.1111111111],
					"h": [0.02222222222],
					"ox": [0],
					"oy": [-1]
			}
		},
	},

	"key2": {
		"ShortNote": {
			"Head": {
					"x": [-0.1111111111],
					"y": [0.6990740741, 1],
					"w": [0.1111111111],
					"h": [0.02222222222],
					"ox": [0],
					"oy": [-1]
			}
		},
		"SoundNote": {
			"Head": {
					"x": [-0.1111111111],
					"y": [0.6990740741, 1],
					"w": [0.1111111111],
					"h": [0.02222222222],
					"ox": [0],
					"oy": [-1]
			}
		},
		"LongNote": {
			"Head": {
					"x": [-0.1111111111],
					"y": [0.6990740741, 1],
					"w": [0.1111111111],
					"h": [0.02222222222],
					"ox": [0],
					"oy": [-1]
			},
			"Body": {
					"x": [-0.1111111111],
					"y": [0.6990740741, 1],
					"w": [0.1111111111],
					"h": [0.00092592592],
					"ox": [0],
					"oy": [0]
			},
			"Tail": {
					"x": [-0.1111111111],
					"y": [0.6990740741, 1],
					"w": [0.1111111111],
					"h": [0.02222222222],
					"ox": [0],
					"oy": [-1]
			}
		},
	},
	
	"key3": {
		"ShortNote": {
			"Head": {
					"x": [0],
					"y": [0.6990740741, 1],
					"w": [0.1111111111],
					"h": [0.02222222222],
					"ox": [0],
					"oy": [-1]
			}
		},
		"SoundNote": {
			"Head": {
					"x": [0],
					"y": [0.6990740741, 1],
					"w": [0.1111111111],
					"h": [0.02222222222],
					"ox": [0],
					"oy": [-1]
			}
		},
		"LongNote": {
			"Head": {
					"x": [0],
					"y": [0.6990740741, 1],
					"w": [0.1111111111],
					"h": [0.02222222222],
					"ox": [0],
					"oy": [-1]
			},
			"Body": {
					"x": [0],
					"y": [0.6990740741, 1],
					"w": [0.1111111111],
					"h": [0.00092592592],
					"ox": [0],
					"oy": [0]
			},
			"Tail": {
					"x": [0],
					"y": [0.6990740741, 1],
					"w": [0.1111111111],
					"h": [0.02222222222],
					"ox": [0],
					"oy": [-1]
			}
		},
	},
	
	"key4": {
		"ShortNote": {
			"Head": {
					"x": [0.1111111111],
					"y": [0.6990740741, 1],
					"w": [0.1111111111],
					"h": [0.02222222222],
					"ox": [0],
					"oy": [-1]
			}
		},
		"SoundNote": {
			"Head": {
					"x": [0.1111111111],
					"y": [0.6990740741, 1],
					"w": [0.1111111111],
					"h": [0.02222222222],
					"ox": [0],
					"oy": [-1]
			}
		},
		"LongNote": {
			"Head": {
					"x": [0.1111111111],
					"y": [0.6990740741, 1],
					"w": [0.1111111111],
					"h": [0.02222222222],
					"ox": [0],
					"oy": [-1]
			},
			"Body": {
					"x": [0.1111111111],
					"y": [0.6990740741, 1],
					"w": [0.1111111111],
					"h": [0.00092592592],
					"ox": [0],
					"oy": [0]
			},
			"Tail": {
					"x": [0.1111111111],
					"y": [0.6990740741, 1],
					"w": [0.1111111111],
					"h": [0.02222222222],
					"ox": [0],
					"oy": [-1]
			}
		}
	}
}