{
	"key1": {
		"inputIndex": 1,
		"x": -0.2222222222, "y": 0.7787037037, 
		"w": 0.08888888889, "h": 0.05555555556, 
	},
	"key2": {
		"inputIndex": 2,
		"x": -0.1333333333, "y": 0.7787037037, 
		"w": 0.08888888889, "h": 0.05555555556, 
	},
	"key3": {
		"inputIndex": 3,
		"x": -0.04444444444, "y": 0.7787037037, 
		"w": 0.08888888889, "h": 0.05555555556, 
	},
	"key4": {
		"inputIndex": 4,
		"x": 0.04444444444, "y": 0.7787037037, 
		"w": 0.08888888889, "h": 0.05555555556, 
	},
	"key5": {
		"inputIndex": 5,
		"x": 0.1333333333, "y": 0.7787037037, 
		"w": 0.08888888889, "h": 0.05555555556, 
	},
	"beam1": {
		"inputIndex": 1,
		"x": -0.2222222222, "y": 0, 
		"w": 0.08888888889, "h": 0.82129629629, 
	},
	"beam2": {
		"inputIndex": 2,
		"x": -0.1333333333, "y": 0, 
		"w": 0.08888888889, "h": 0.82129629629, 
	},
	"beam3": {
		"inputIndex": 3,
		"x": -0.04444444444, "y": 0, 
		"w": 0.08888888889, "h": 0.82129629629, 
	},
	"beam4": {
		"inputIndex": 4,
		"x": 0.04444444444, "y": 0, 
		"w": 0.08888888889, "h": 0.82129629629, 
	},
	"beam5": {
		"inputIndex": 5,
		"x": 0.1333333333, "y": 0, 
		"w": 0.08888888889, "h": 0.82129629629, 
	},
	"particle1": {
		"inputIndex": 1,
		"x": -0.3583333333, "y": 0.51944444444, 
		"w": 0.35925925925, "h": 0.35925925925, 
	},
	"particle2": {
		"inputIndex": 2,
		"x": -0.2694444444, "y": 0.51944444444, 
		"w": 0.35925925925, "h": 0.35925925925, 
	},
	"particle3": {
		"inputIndex": 3,
		"x": -0.1805555556, "y": 0.51944444444, 
		"w": 0.35925925925, "h": 0.35925925925, 
	},
	"particle4": {
		"inputIndex": 4,
		"x": -0.09166666667, "y": 0.51944444444, 
		"w": 0.35925925925, "h": 0.35925925925, 
	},
	"particle5": {
		"inputIndex": 5,
		"x": -0.002777777778, "y": 0.51944444444, 
		"w": 0.35925925925, "h": 0.35925925925, 
	}
}