{
	"novidbg": {
		"x": 0.6564814815, "y": 0, 
		"w": 0.4648148148, "h": 1, 
	},
	"bg": {
		"x": 0.6564814815, "y": 0, 
		"w": 0.4648148148, "h": 1, 
	},
	"combobg": {
		"x": 0.6564814815, "y": 0, 
		"w": 0.4648148148, "h": 1, 
	},
	"judgeline": {
		"x": 0, "y": 0, 
		"w": 1.777777778, "h": 1, 
	},
	"playfield": {
		"x": 0, "y": 0, 
		"w": 1.777777778, "h": 1, 
	},
	"combo": {
		"x": 0, "y": 0, 
		"w": 1.777777778, "h": 1, 
	},
	"combogame": {
		"x": 0, "y": 0.108240209, 
		"w": 1.777777778, "h": 1, 
		"color": [200,200,200,229],
		"size": 105,
	},
    "progressbar": {
        "x": 0, "y": 0.47777777777, 
		"w": 0.09074074074, "h": 0.0074074074,
        "color": [250,200,50,250],
	},
	"rate": {
		"x": 0, "y": 0, 
		"w": 1.777777778, "h": 1, 
	},
	"accuracy": {
		"x": 0, "y": 0.527142857, 
		"w": 1.777777778, "h": 1, 
		"color": [255,255,255,229],
		"size": 12,
	},
	"timegate": {
		"x": 0, "y": 0.517768907, 
		"w": 1.777777778, "h": 1, 
		"color": [250,200,50,229],
		"size": 57,
	},
	"combofield": {
		"x": -0.1064814815, "y": 0.8731481481, 
		"w": 0.09259259259, "h": 0.03888888889, 
		"color": [58,205,245,255],
		"size": 15,
	},
	"scorefield": {
		"x": 0.1574074074, "y": 0.8722222222, 
		"w": 0.09259259259, "h": 0.03888888889, 
		"color": [255, 255, 255, 255],
		"size": 16,
	},
	"progressbarbg": {
        "x": -0.09259259259, "y": 0.47592592592, 
		"w": 0.18518518518 , "h": 0.01111111111 , 
	},
}