{
	"stparticle1": {
		"x": -0.2907407407, "y": 0.51944444444, 
		"w": 0.35925925925, "h": 0.35925925925
	},
	"stparticle2": {
		"x": -0.06851851852, "y": 0.51944444444, 
		"w": 0.35925925925, "h": 0.35925925925,
	}
}