{
	"key1": {
		"inputIndex": 1,
		"x": -0.2222222222, "y": 0.7787037037, 
		"w": 0.07407407407, "h": 0.05555555556, 
	},
	"key2": {
		"inputIndex": 2,
		"x": -0.1481481481, "y": 0.7787037037, 
		"w": 0.07407407407, "h": 0.05555555556, 
	},
	"key3": {
		"inputIndex": 3,
		"x": -0.07407407407, "y": 0.7787037037, 
		"w": 0.07407407407, "h": 0.05555555556, 
	},
	"fxkey1": {
		"inputIndex": 4,
		"x": -0.2324074074, "y": 0.7416666667, 
		"w": 0.2324074074, "h": 0.03333333333, 
	},
	"fxkey2": {
		"inputIndex": 5,
		"x": 0, "y": 0.7416666667, 
		"w": 0.2324074074, "h": 0.03333333333, 
	},
	"key4": {
		"inputIndex": 6,
		"x": 0, "y": 0.7787037037, 
		"w": 0.07407407407, "h": 0.05555555556, 
	},
	"key5": {
		"inputIndex": 7,
		"x": 0.07407407407, "y": 0.7787037037, 
		"w": 0.07407407407, "h": 0.05555555556, 
	},
	"key6": {
		"inputIndex": 8,
		"x": 0.1481481481, "y": 0.7787037037, 
		"w": 0.07407407407, "h": 0.05555555556, 
	},
	"beam1": {
		"inputIndex": 1,
		"x": -0.2222222222, "y": 0, 
		"w": 0.07407407407, "h": 0.8074074074, 
	},
	"beam2": {
		"inputIndex": 2,
		"x": -0.1481481481, "y": 0, 
		"w": 0.07407407407, "h": 0.8074074074, 
	},
	"beam3": {
		"inputIndex": 3,
		"x": -0.07407407407, "y": 0, 
		"w": 0.07407407407, "h": 0.8074074074, 
	},
	"fxbeam1": {
		"inputIndex": 4,
		"x": -0.2222222222, "y": 0, 
		"w": 0.22222222222, "h": 0.8074074074, 
	},
	"fxbeam2": {
		"inputIndex": 5,
		"x": 0, "y": 0, 
		"w": 0.22222222222, "h": 0.8074074074, 
	},
	"beam4": {
		"inputIndex": 6,
		"x": 0, "y": 0, 
		"w": 0.07407407407, "h": 0.8074074074, 
	},
	"beam5": {
		"inputIndex": 7,
		"x": 0.07407407407, "y": 0, 
		"w": 0.07407407407, "h": 0.8074074074, 
	},
	"beam6": {
		"inputIndex": 8,
		"x": 0.1481481481, "y": 0, 
		"w": 0.07407407407, "h": 0.8074074074, 
	},
	"particle1": {
		"inputIndex": 1,
		"x": -0.3648148148, "y": 0.51944444444, 
		"w": 0.35925925925, "h": 0.35925925925, 
	},
	"particle2": {
		"inputIndex": 2,
		"x": -0.2907407407, "y": 0.51944444444, 
		"w": 0.35925925925, "h": 0.35925925925, 
	},
	"particle3": {
		"inputIndex": 3,
		"x": -0.2166666667, "y": 0.51944444444, 
		"w": 0.35925925925, "h": 0.35925925925, 
	},
	"fxparticle1": {
		"inputIndex": 4,
		"x": -0.2907407407, "y": 0.51944444444, 
		"w": 0.35925925925, "h": 0.35925925925, 
	},
	"fxparticle2": {
		"inputIndex": 5,
		"x": -0.06851851852, "y": 0.51944444444, 
		"w": 0.35925925925, "h": 0.35925925925, 
	},
	"particle4": {
		"inputIndex": 6,
		"x": -0.1425925926, "y": 0.51944444444, 
		"w": 0.35925925925, "h": 0.35925925925, 
	},
	"particle5": {
		"inputIndex": 7,
		"x": -0.06851851852, "y": 0.51944444444, 
		"w": 0.35925925925, "h": 0.35925925925, 
	},
	"particle6": {
		"inputIndex": 8,
		"x": 0.005555555556, "y": 0.51944444444, 
		"w": 0.35925925925, "h": 0.35925925925, 
	}
}